Book of Bible,Book order,Image for book
Genesis,1,https://storage.googleapis.com/glide-prod.appspot.com/uploads-v2/0grPH1Vjw6SLtY2uR1Em/pub/uGchWy5uEpUed2bVdo4o.jpg
Exodus,2,https://storage.googleapis.com/glide-prod.appspot.com/uploads-v2/0grPH1Vjw6SLtY2uR1Em/pub/vpvol2z9WH1TK2nMrscE.jpg
Leviticus,3,https://storage.googleapis.com/glide-prod.appspot.com/uploads-v2/0grPH1Vjw6SLtY2uR1Em/pub/KaZ7fX7F2TkaxKbgyUeR.jpg
Numbers,4,https://storage.googleapis.com/glide-prod.appspot.com/uploads-v2/0grPH1Vjw6SLtY2uR1Em/pub/ytfiTJVi46PcqGvbQXII.jpg
Deuteronomy,5,https://storage.googleapis.com/glide-prod.appspot.com/uploads-v2/0grPH1Vjw6SLtY2uR1Em/pub/ks2pjEsASDLll3jAzRAd.jpg
Joshua,6,https://storage.googleapis.com/glide-prod.appspot.com/uploads-v2/0grPH1Vjw6SLtY2uR1Em/pub/JOJatiCy3eRSs8g7mmdr.jpg
Judges,7,https://storage.googleapis.com/glide-prod.appspot.com/uploads-v2/0grPH1Vjw6SLtY2uR1Em/pub/B0QobK7ZEzlhURUXwlid.jpg
Ruth,8,https://storage.googleapis.com/glide-prod.appspot.com/uploads-v2/0grPH1Vjw6SLtY2uR1Em/pub/vrle4C54iOHsD3NZCUpw.jpg
1 Samuel,9,https://storage.googleapis.com/glide-prod.appspot.com/uploads-v2/0grPH1Vjw6SLtY2uR1Em/pub/DDLe52qnZF8DRcZAL8XR.jpg
2 Samuel,10,https://storage.googleapis.com/glide-prod.appspot.com/uploads-v2/0grPH1Vjw6SLtY2uR1Em/pub/xMa02H3BpUbv5y1en1Qt.jpg
1 Kings,11,https://storage.googleapis.com/glide-prod.appspot.com/uploads-v2/0grPH1Vjw6SLtY2uR1Em/pub/4Vusb9rhJ5ZCjEOzZPRw.jpg
2 Kings,12,https://storage.googleapis.com/glide-prod.appspot.com/uploads-v2/0grPH1Vjw6SLtY2uR1Em/pub/kQsSN7DICziOXXWsv27R.jpg
1 Chronicles,13,https://storage.googleapis.com/glide-prod.appspot.com/uploads-v2/0grPH1Vjw6SLtY2uR1Em/pub/9yvImVRAE5IsPCNAzK13.jpg
2 Chronicles,14,https://storage.googleapis.com/glide-prod.appspot.com/uploads-v2/0grPH1Vjw6SLtY2uR1Em/pub/DzGUHt56o8o8kfkXf3zO.jpg
Ezra,15,https://storage.googleapis.com/glide-prod.appspot.com/uploads-v2/0grPH1Vjw6SLtY2uR1Em/pub/wsdqbN44GqTqeSIfUrCV.jpg
Nehemiah,16,https://storage.googleapis.com/glide-prod.appspot.com/uploads-v2/0grPH1Vjw6SLtY2uR1Em/pub/TiJoEIWpUIoMffDSsAsf.jpg
Esther,17,https://storage.googleapis.com/glide-prod.appspot.com/uploads-v2/0grPH1Vjw6SLtY2uR1Em/pub/IUvJEVohA995hKDYGlP8.jpg
Job,18,https://storage.googleapis.com/glide-prod.appspot.com/uploads-v2/0grPH1Vjw6SLtY2uR1Em/pub/zaP56sTKKHmW56bLk5A4.jpg
Psalms- look in tab,19,https://storage.googleapis.com/glide-prod.appspot.com/uploads-v2/0grPH1Vjw6SLtY2uR1Em/pub/VuGWSnvM5S20TxvCa7jH.jpg
Proverbs,20,https://storage.googleapis.com/glide-prod.appspot.com/uploads-v2/0grPH1Vjw6SLtY2uR1Em/pub/WOF9zVz03FHJXM1KfEVd.jpg
Ecclesiastes,21,https://storage.googleapis.com/glide-prod.appspot.com/uploads-v2/0grPH1Vjw6SLtY2uR1Em/pub/bMCdQBM4vdssKziPSOw7.jpg
Song of Solomon,22,https://storage.googleapis.com/glide-prod.appspot.com/uploads-v2/0grPH1Vjw6SLtY2uR1Em/pub/FXMvhl2G20L0JoM3PyQh.jpg
Isaiah,23,https://storage.googleapis.com/glide-prod.appspot.com/uploads-v2/0grPH1Vjw6SLtY2uR1Em/pub/d4CBvWomJNlQz27PHAXR.jpg
Jeremiah,24,https://storage.googleapis.com/glide-prod.appspot.com/uploads-v2/0grPH1Vjw6SLtY2uR1Em/pub/NvOgKev80ApxjizEA914.jpg
Lamentations,25,https://storage.googleapis.com/glide-prod.appspot.com/uploads-v2/0grPH1Vjw6SLtY2uR1Em/pub/CtCeEO7Eubi8ESya4ynq.jpg
Ezekiel,26,https://storage.googleapis.com/glide-prod.appspot.com/uploads-v2/0grPH1Vjw6SLtY2uR1Em/pub/TL005JMtkuusXTRcJUMI.jpg
Daniel,27,https://storage.googleapis.com/glide-prod.appspot.com/uploads-v2/0grPH1Vjw6SLtY2uR1Em/pub/aZvjfMiAqjHgZvFhrWzg.jpg
Hosea,28,https://storage.googleapis.com/glide-prod.appspot.com/uploads-v2/0grPH1Vjw6SLtY2uR1Em/pub/84FVzh89Vn5pUbnGFQmZ.jpg
Joel,29,https://storage.googleapis.com/glide-prod.appspot.com/uploads-v2/0grPH1Vjw6SLtY2uR1Em/pub/rG6tVSICV6lyCG0ek4G4.jpg
Amos,30,https://storage.googleapis.com/glide-prod.appspot.com/uploads-v2/0grPH1Vjw6SLtY2uR1Em/pub/CMuzerATcf04TqCRy1xE.jpg
Obadiah,31,https://storage.googleapis.com/glide-prod.appspot.com/uploads-v2/0grPH1Vjw6SLtY2uR1Em/pub/hETmvYAcsHTxSJNLB4zQ.jpg
Jonah,32,https://storage.googleapis.com/glide-prod.appspot.com/uploads-v2/0grPH1Vjw6SLtY2uR1Em/pub/i4M5CycaqfpEO9x9Vnw6.jpg
Micah,33,https://storage.googleapis.com/glide-prod.appspot.com/uploads-v2/0grPH1Vjw6SLtY2uR1Em/pub/7DQeVpgZ6mYXqUuTCKIR.jpg
Nahum,34,https://storage.googleapis.com/glide-prod.appspot.com/uploads-v2/0grPH1Vjw6SLtY2uR1Em/pub/zEWycyvzKNDmGouAb83m.jpg
Habakkuk,35,https://storage.googleapis.com/glide-prod.appspot.com/uploads-v2/0grPH1Vjw6SLtY2uR1Em/pub/q9CNE8RMDNR3DBxFsOEz.jpg
Zephaniah,36,https://storage.googleapis.com/glide-prod.appspot.com/uploads-v2/0grPH1Vjw6SLtY2uR1Em/pub/UyBjxtoWXF6KdGJiNRwj.jpg
Haggai,37,https://storage.googleapis.com/glide-prod.appspot.com/uploads-v2/0grPH1Vjw6SLtY2uR1Em/pub/jTDLHJt31ExbQfWVe8hr.jpg
Zechariah,38,https://storage.googleapis.com/glide-prod.appspot.com/uploads-v2/0grPH1Vjw6SLtY2uR1Em/pub/fAIjMvnQaxMHwtNf9QHY.jpg
Malachi,39,https://storage.googleapis.com/glide-prod.appspot.com/uploads-v2/0grPH1Vjw6SLtY2uR1Em/pub/wRFrar0xKjzoO1IWsh86.jpg
Matthew,40,https://storage.googleapis.com/glide-prod.appspot.com/uploads-v2/0grPH1Vjw6SLtY2uR1Em/pub/bi2VOjZTxwxEkQkXzIUz.jpg
Mark,41,https://storage.googleapis.com/glide-prod.appspot.com/uploads-v2/0grPH1Vjw6SLtY2uR1Em/pub/kLMzwbQ8iXEQXtDqFWTC.jpg
Luke,42,https://storage.googleapis.com/glide-prod.appspot.com/uploads-v2/0grPH1Vjw6SLtY2uR1Em/pub/43EoN1AObsX7ZseXgN9R.jpg
John,43,https://storage.googleapis.com/glide-prod.appspot.com/uploads-v2/0grPH1Vjw6SLtY2uR1Em/pub/xJqVqAl0CkxFgSKVL8R8.jpg
Acts,44,https://storage.googleapis.com/glide-prod.appspot.com/uploads-v2/0grPH1Vjw6SLtY2uR1Em/pub/RyRsw0uKraeYTbEnx6zU.jpg
Romans,45,https://storage.googleapis.com/glide-prod.appspot.com/uploads-v2/0grPH1Vjw6SLtY2uR1Em/pub/P0yQ2IU0IVSs8Cpjz0Iy.jpg
1 Corinthians,46,https://storage.googleapis.com/glide-prod.appspot.com/uploads-v2/0grPH1Vjw6SLtY2uR1Em/pub/7KtJAQBpkh74lFdij724.jpg
2 Corinthians,47,https://storage.googleapis.com/glide-prod.appspot.com/uploads-v2/0grPH1Vjw6SLtY2uR1Em/pub/JlVpsRGpbTdxWGMe3oaA.jpg
Galatians,48,https://storage.googleapis.com/glide-prod.appspot.com/uploads-v2/0grPH1Vjw6SLtY2uR1Em/pub/FVZ1XFupkA1kUXp8Si89.jpg
Ephesians,49,https://storage.googleapis.com/glide-prod.appspot.com/uploads-v2/0grPH1Vjw6SLtY2uR1Em/pub/fvpol4pLS2buf05O0h12.jpg
Philippians,50,https://storage.googleapis.com/glide-prod.appspot.com/uploads-v2/0grPH1Vjw6SLtY2uR1Em/pub/8K3sWxzBkkFpi8riL69u.jpg
Colossians,51,https://storage.googleapis.com/glide-prod.appspot.com/uploads-v2/0grPH1Vjw6SLtY2uR1Em/pub/KtxHKhVqqQgJeh4DaWd8.jpg
1 Thessalonians,52,https://storage.googleapis.com/glide-prod.appspot.com/uploads-v2/0grPH1Vjw6SLtY2uR1Em/pub/QmZGkqYKEmskPHrYmOl5.jpg
2 Thessalonians,53,https://storage.googleapis.com/glide-prod.appspot.com/uploads-v2/0grPH1Vjw6SLtY2uR1Em/pub/RVbBP2a0LYIHK36vmOD0.jpg
1 Timothy,54,https://storage.googleapis.com/glide-prod.appspot.com/uploads-v2/0grPH1Vjw6SLtY2uR1Em/pub/8JkejERDYi5XCfTg4ITZ.jpg
2 Timothy,55,https://storage.googleapis.com/glide-prod.appspot.com/uploads-v2/0grPH1Vjw6SLtY2uR1Em/pub/e88qvGZNdHWAE4jmBAwa.jpg
Titus,56,https://storage.googleapis.com/glide-prod.appspot.com/uploads-v2/0grPH1Vjw6SLtY2uR1Em/pub/yQKYrj2oTbiNTBPe7u8R.jpg
Philemon,57,https://storage.googleapis.com/glide-prod.appspot.com/uploads-v2/0grPH1Vjw6SLtY2uR1Em/pub/n6OoR2E6YENZdLuUpJfd.jpg
Hebrews,58,https://storage.googleapis.com/glide-prod.appspot.com/uploads-v2/0grPH1Vjw6SLtY2uR1Em/pub/bvf5VA1dSUJuWIS6J58j.jpg
James,59,https://storage.googleapis.com/glide-prod.appspot.com/uploads-v2/0grPH1Vjw6SLtY2uR1Em/pub/WveXXeTr6LQuJ681OfWJ.jpg
1 Peter,60,https://storage.googleapis.com/glide-prod.appspot.com/uploads-v2/0grPH1Vjw6SLtY2uR1Em/pub/LmHxK5hRMU084qYDBGcd.jpg
2 Peter,61,https://storage.googleapis.com/glide-prod.appspot.com/uploads-v2/0grPH1Vjw6SLtY2uR1Em/pub/DnmTnnrIdAidgKqjmYTF.jpg
1 John,62,https://storage.googleapis.com/glide-prod.appspot.com/uploads-v2/0grPH1Vjw6SLtY2uR1Em/pub/PqFNPMl6Qx8Jbc3IxhML.gif
2 John,63,https://storage.googleapis.com/glide-prod.appspot.com/uploads-v2/0grPH1Vjw6SLtY2uR1Em/pub/JbNKSgrCbNON9FITlfut.jpg
3 John,64,https://storage.googleapis.com/glide-prod.appspot.com/uploads-v2/0grPH1Vjw6SLtY2uR1Em/pub/8Leff9v4ErbGnS2B58es.jpg
Jude,65,https://storage.googleapis.com/glide-prod.appspot.com/uploads-v2/0grPH1Vjw6SLtY2uR1Em/pub/CkGMrHdd9imYjxrFUL0H.jpg
Revelation,66,https://storage.googleapis.com/glide-prod.appspot.com/uploads-v2/0grPH1Vjw6SLtY2uR1Em/pub/aS9OSNhFZcJB5v38Gt6p.jpg